use cinema;

insert into movie
values (111111111,'The Shawshank Redemption','Drama',1994,16 ,'English','Frank Darabont','Tim Robbins, Morgan Freeman, Bob Gunton','United States','2:22:00',null,'Chronicles the experiences of a formerly successful banker as a prisoner in the gloomy jailhouse of Shawshank after being found guilty of a crime he did not commit. The film portrays the man\'s unique way of dealing with his new, torturous life; along the way he befriends a number of fellow prisoners, most notably a wise long-term inmate named Red.');

insert into movie
values(111111112,'The Godfather','Crime,Drama',1972,0,'English','Francis Ford Coppola','Morgan Freeman, Bob Gunton, James Caan','United States','2:55:00',null,'The Godfather "Don" Vito Corleone is the head of the Corleone mafia family in New York. He is at the event of his daughter\'s wedding. Michael, Vito\'s youngest son and a decorated WW II Marine is also present at the wedding. Michael seems to be uninterested in being a part of the family business. Vito is a powerful man, and is kind to all those who give him respect but is ruthless against those who do not. But when a powerful and treacherous rival wants to sell drugs and needs the Don\'s influence for the same, Vito refuses to do it. What follows is a clash between Vito\'s fading old values and the new ways which may cause Michael to do the thing he was most reluctant in doing and wage a mob war against all the other mafia families which could tear the Corleone family apart.');

insert into movie
values(111111113,'The Dark Knight','Action, Crime, Drama, Thriller',2008,13,'English','Christopher Nolan','Christian Bale, Heath Ledger, Aaron Eckhart','United States, United Kingdom','2:32:00',null,'Set within a year after the events of Batman Begins (2005), Batman, Lieutenant James Gordon, and new District Attorney Harvey Dent successfully begin to round up the criminals that plague Gotham City, until a mysterious and sadistic criminal mastermind known only as "The Joker" appears in Gotham, creating a new wave of chaos. Batman\'s struggle against The Joker becomes deeply personal, forcing him to "confront everything he believes" and improve his technology to stop him. A love triangle develops between Bruce Wayne, Dent, and Rachel Dawes.');

insert into movie
values (111111114,'The Godfather 2','Crime, Drama',1974,0,'English','Francis Ford Coppola','Al Pacino, Robert De Niro, Robert Duvall','United States','2:22:00','111111111','The continuing saga of the Corleone crime family tells the story of a young Vito Corleone growing up in Sicily and in 1910s New York; and follows Michael Corleone in the 1950s as he attempts to expand the family business into Las Vegas, Hollywood and Cuba.');

insert into movie
values (111111115,'12 Angry Men','Crime, Drama',1957,0,'English','Sidney Lumet','Henry Fonda, Lee J.Cobb, Martin Balsam','United States','1:36:00',null,'The defense and the prosecution have rested, and the jury is filing into the jury room to decide if a young man is guilty or innocent of murdering his father. What begins as an open-and-shut case of murder soon becomes a detective story that presents a succession of clues creating doubt, and a mini-drama of each of the jurors\' prejudices and preconceptions about the trial, the accused, AND each other. Based on the play, all of the action takes place on the stage of the jury room.');

insert into movie
values (111111116,'Schindler\'s List','Biography, Drama, History',1993,16,'English','Steven Speilberg','Liam Neeson, Ralph Fiennes, Ben Kingsley','United States','3:15:00',null,'Oskar Schindler is a vain and greedy German businessman who becomes an unlikely humanitarian amid the barbaric German Nazi reign when he feels compelled to turn his factory into a refuge for Jews. Based on the true story of Oskar Schindler who managed to save about 1100 Jews from being gassed at the Auschwitz concentration camp, it is a testament to the good in all of us.');

insert into movie
values (111111118,'Pulp Fiction','Crime, Drama',1994,18,'English','Quentin Tarantino','John Travolta, Uma Thurman, Samuel L. Jackson','United States','2:34:00',null,'Jules Winnfield (Samuel L. Jackson) and Vincent Vega (John Travolta) are two hit men who are out to retrieve a suitcase stolen from their employer, mob boss Marsellus Wallace (Ving Rhames). Wallace has also asked Vincent to take his wife Mia (Uma Thurman) out a few days later when Wallace himself will be out of town. Butch Coolidge (Bruce Willis) is an aging boxer who is paid by Wallace to lose his fight. The lives of these seemingly unrelated people are woven together comprising of a series of funny, bizarre and uncalled-for incidents.');

insert into movie
values (111111119,'The Lord of the Rings: The Fellowship of the Ring','Action, Adventure, Drama',2001,13,'English, Sindarin','Peter Jackson','Elijah Wood, Orlando Bloom, Ian McKellen','United States, New Zealand','2:58:00',null,'An ancient Ring thought lost for centuries has been found, and through a strange twist of fate has been given to a small Hobbit named Frodo. When Gandalf discovers the Ring is in fact the One Ring of the Dark Lord Sauron, Frodo must make an epic quest to the Cracks of Doom in order to destroy it. However, he does not go alone. He is joined by Gandalf, Legolas the elf, Gimli the Dwarf, Aragorn, Boromir, and his three Hobbit friends Merry, Pippin, and Samwise. Through mountains, snow, darkness, forests, rivers and plains, facing evil and danger at every corner the Fellowship of the Ring must go. Their quest to destroy the One Ring is the only hope for the end of the Dark Lords reign.');

insert into movie
values ('111111120','The Good, the Bad and the Ugly','Adventure, Western',1966,0,'Italian','Sergio Leone','Clint Eastwood, Eli Wallach, Lee Van Cleef','Italy, Spain, West Germany','2:58:00',null,'During the American Civil War, three men set off to find $200,000.00 in buried gold coins. Tuco and Blondie have known each other');

insert into movie
values (111111121,'Forrest Gump','Drama, Romance',1994,13,'English','Robert Zemeckis','Tom Hanks, Robin Wright, Gary Sinise','United States','2:22:00',null,'Forrest Gump is a simple man with a low I.Q. but good intentions. He is running through childhood with his best and only friend Jenny. His \'mama\' teaches him the ways of life and leaves him to choose his destiny. Forrest joins the army for service in Vietnam, finding new friends called Dan and Bubba, he wins medals, creates a famous shrimp fishing fleet, inspires people to jog, starts a ping-pong craze, creates the smiley, writes bumper stickers and songs, donates to people and meets the president several times. However, this is all irrelevant to Forrest who can only think of his childhood sweetheart Jenny Curran, who has messed up her life. Although in the end all he wants to prove is that anyone can love anyone.');

insert into movie
values (111111122,'Fight Club','Drama',1999,18,'English','David Fincher','Brad Pitt, Edward Norton, Meat Loaf','Germany, United States','2:19:00',null,'A nameless first person narrator (Edward Norton) attends support groups in attempt to subdue his emotional state and relieve his insomniac state. When he meets Marla (Helena Bonham Carter), another fake attendee of support groups, his life seems to become a little more bearable. However when he associates himself with Tyler (Brad Pitt) he is dragged into an underground fight club and soap making scheme. Together the two men spiral out of control and engage in competitive rivalry for love and power.');

insert into movie
values (111111123,'The Lord of the Rings: The Two Towers','Action, Adventure, Drama',2002,13,'English, Sindarin, Old English','Peter Jackson','Elijah Wood, Ian McKellen, Viggo Mortensen','New Zealand, United States','2:58:00','111111119','The continuing quest of Frodo and the Fellowship to destroy the One Ring. Frodo and Sam discover they are being followed by the mysterious Gollum. Aragorn, the Elf archer Legolas, and Gimli the Dwarf encounter the besieged Rohan kingdom, whose once great King Theoden has fallen under Saruman\'s deadly spell.');

insert into movie
values (111111124,'Inception','Action, Adventure, Sci-Fi',2010,13,'English, Japanese, French','Christopher Nolan','Leonardo DiCaprio, Joseph Gordon-Levitt, Elliot Page','United States, United Kingdom','2:28:00',null,'Dom Cobb is a skilled thief, the absolute best in the dangerous art of extraction, stealing valuable secrets from deep within the subconscious during the dream state, when the mind is at its most vulnerable. Cobb\'s rare ability has made him a coveted player in this treacherous new world of corporate espionage, but it has also made him an international fugitive and cost him everything he has ever loved. Now Cobb is being offered a chance at redemption. One last job could give him his life back but only if he can accomplish the impossible, inception. Instead of the perfect heist, Cobb and his team of specialists have to pull off the reverse: their task is not to steal an idea, but to plant one. If they succeed, it could be the perfect crime. But no amount of careful planning or expertise can prepare the team for the dangerous enemy that seems to predict their every move. An enemy that only Cobb could have seen coming.');

insert into movie
values ('111111125','Star Wars: Episode V - The Empire Strikes Back','Action, Adventure, Fantasy',1980,0,'English','Irvin Kershner','Mark Hamill, Harrison Ford, Carrie Fisher','United States','2:04:00',null,'The legendary saga continues as the Rebel Alliance faces increasing challenges from the powerful Galactic Empire. Luke Skywalker, Han Solo, and Princess Leia Organa find themselves confronting new trials that test their courage, friendships, and beliefs. The Rebel Alliance has established a hidden base on the icy planet of Hoth, where they hope to regroup and plan their next moves against the Empire. Luke Skywalker receives a message from a familiar source, prompting him to seek further guidance in understanding his connection to the Force. Han Solo and Princess Leia\'s journey takes them on a perilous path as they navigate through a galaxy under Imperial control. Their actions and decisions lead to unforeseen consequences that will impact the fate of the Rebellion. Meanwhile, the dark presence of Darth Vader looms, as he relentlessly pursues the Rebels while dealing with inner conflicts of his own.');

insert into movie
values (111111126,'The Matrix','Action, Sci-Fi',1999,0,'English','Lana Wachowski, Lilly Wachowski','Keanu Reeves, Laurence Fishburne, Carrie-Anne Moss','United States, Australia','2:16:00',null,'Thomas A. Anderson is a man living two lives. By day he is an average computer programmer and by night a hacker known as Neo. Neo has always questioned his reality, but the truth is far beyond his imagination. Neo finds himself targeted by the police when he is contacted by Morpheus, a legendary computer hacker branded a terrorist by the government. As a rebel against the machines, Neo must confront the agents: super-powerful computer programs devoted to stopping Neo and the entire human rebellion.');

insert into movie
values (111111127,'Goodfellas','Biography, Drama, Crime',1990,13,'English, Italian','Martin Scorsese','Robert De Niro, Ray Liotta, Joe Pesci','United States','2:25:00',null,'Henry Hill might be a small time gangster, who may have taken part in a robbery with Jimmy Conway and Tommy De Vito, two other gangsters who might have set their sights a bit higher. His two partners could kill off everyone else involved in the robbery, and slowly start to think about climbing up through the hierarchy of the Mob. Henry, however, might be badly affected by his partners\' success, but will he consider stooping low enough to bring about the downfall of Jimmy and Tommy?');

insert into movie
values (111111128,'One Flew Over the Cuckoo\'s Nest','Drama',1975,16,'English','Milos Forman','Jack Nicholson, Louise Fletcher, Michael Berryman','United States','2:13:00',null,'McMurphy has a criminal past and has once again gotten himself into trouble and is sentenced by the court. To escape labor duties in prison, McMurphy pleads insanity and is sent to a ward for the mentally unstable. Once here, McMurphy both endures and stands witness to the abuse and degradation of the oppressive Nurse Ratched, who gains superiority and power through the flaws of the other inmates. McMurphy and the other inmates band together to make a rebellious stance against the atrocious Nurse.');

insert into movie
values (111111129,'Se7en','Crime, Drama, Mystery',1995,16,'English','David Fincher','Morgan Freeman, Brad Pitt, Kevin Spacey','United States','2:07:00',null,'A film about two homicide detectives\' (Morgan Freeman and Brad Pitt) desperate hunt for a serial killer who justifies his crimes as absolution for the world\'s ignorance of the Seven Deadly Sins. The movie takes us from the tortured remains of one victim to the next as the sociopathic "John Doe" (Kevin Spacey) sermonizes to Detectives Somerset and Mills -- one sin at a time. The sin of Gluttony comes first and the murderer\'s terrible capacity is graphically demonstrated in the dark and subdued tones characteristic of film noir. The seasoned and cultured but jaded Somerset researches the Seven Deadly Sins in an effort to understand the killer\'s modus operandi while the bright but green and impulsive Detective Mills (Pitt) scoffs at his efforts to get inside the mind of a killer...');

insert into movie
values (111111130,'It\'s a Wonderful Life','Drama, Family, Fantasy, Romance',1946,13,'English, French','Frank Capra','James Stewart, Donna Reed, Lionel Barrymore','United States','2:10:00',null,'George Bailey has spent his entire life giving of himself to the people of Bedford Falls. He has always longed to travel but never had the opportunity in order to prevent rich skinflint Mr. Potter from taking over the entire town. All that prevents him from doing so is George\'s modest building and loan company, which was founded by his generous father. But on Christmas Eve, George\'s Uncle Billy loses the business\'s $8,000 while intending to deposit it in the bank. Mr. Potter finds the misplaced money and hides it from Uncle Billy. When the bank examiner discovers the shortage later that night, George realizes that he will be held responsible and sent to jail and the company will collapse, finally allowing Mr. Potter to take over the town. Thinking of his wife, Mary, their four children, and others he loves will be better off with him dead, he contemplates suicide. But the prayers of his loved ones result in his guardian angel named Clarence Odbody coming to Earth to help him, with the promise of earning his wings. He shows him what things would have been like if he had never been born.');

insert into movie
values (111111117,'The Lord of the Rings: The Return of the King','Action, Adventure, Drama',2003,13,'English','Peter Jackson','Elijah Wood, Viggo Mortensen, Ian McKellen','New Zealand','3:21:00','111111124','The final confrontation between the forces of good and evil fighting for control of the future of Middle-earth. Frodo and Sam reach Mordor in their quest to destroy the One Ring, while Aragorn leads the forces of good against Sauron\'s evil army at the stone city of Minas Tirith.');

-- insert room
insert into room
values('A001',	30);

insert into room
values('A002',	30);

insert into room
values('A003', 30);

insert into room
values('B001', 30);

insert into room
values('B002', 30);

insert into room
values('B003', 30);

-- insert seat
insert into seat
values('A001',	'A', '01');

insert into seat
values('A001',	'A', '02');

insert into seat
values('A001', 'A', '03');

insert into seat
values('A001', 'A', '04');

insert into seat
values('A001', 'A', '05');

insert into seat
values('A001', 'A', '06');

insert into seat
values('A001', 'B', '01');

insert into seat
values('A001', 'B', '02');

insert into seat
values('A001', 'B', '03');

insert into seat
values('A001', 'B', '04');

insert into seat
values('A001', 'B', '05');

insert into seat
values('A001', 'B', '06');

insert into seat
values('A001', 'C', '01');

insert into seat
values('A001', 'C', '02');

insert into seat
values('A001', 'C', '03');

insert into seat
values('A001', 'C', '04');

insert into seat
values('A001', 'C', '05');

insert into seat
values('A001', 'C', '06');

insert into seat
values('A001', 'D', '01');

insert into seat
values('A001', 'D', '02');

insert into seat
values('A001', 'D', '03');

insert into seat
values('A001', 'D', '04');

insert into seat
values('A001', 'D', '05');

insert into seat
values('A001', 'D', '06');

insert into seat
values('A001', 'E', '01');

insert into seat
values('A001', 'E', '02');

insert into seat
values('A001', 'E', '03');

insert into seat
values('A001', 'E', '04');

insert into seat
values('A001', 'E', '05');

insert into seat
values('A001', 'E', '06');

insert into seat
values('A002',	'A', '01');

insert into seat
values('A002',	'A', '02');

insert into seat
values('A002', 'A', '03');

insert into seat
values('A002', 'A', '04');

insert into seat
values('A002', 'A', '05');

insert into seat
values('A002', 'A', '06');

insert into seat
values('A002', 'B', '01');

insert into seat
values('A002', 'B', '02');

insert into seat
values('A002', 'B', '03');

insert into seat
values('A002', 'B', '04');

insert into seat
values('A002', 'B', '05');

insert into seat
values('A002', 'B', '06');

insert into seat
values('A002', 'C', '01');

insert into seat
values('A002', 'C', '02');

insert into seat
values('A002', 'C', '03');

insert into seat
values('A002', 'C', '04');

insert into seat
values('A002', 'C', '05');

insert into seat
values('A002', 'C', '06');

insert into seat
values('A002', 'D', '01');

insert into seat
values('A002', 'D', '02');

insert into seat
values('A002', 'D', '03');

insert into seat
values('A002', 'D', '04');

insert into seat
values('A002', 'D', '05');

insert into seat
values('A002', 'D', '06');

insert into seat
values('A002', 'E', '01');

insert into seat
values('A002', 'E', '02');

insert into seat
values('A002', 'E', '03');

insert into seat
values('A002', 'E', '04');

insert into seat
values('A002', 'E', '05');

insert into seat
values('A002', 'E', '06');

insert into seat
values('A003',	'A', '01');

insert into seat
values('A003',	'A', '02');

insert into seat
values('A003', 'A', '03');

insert into seat
values('A003', 'A', '04');

insert into seat
values('A003', 'A', '05');

insert into seat
values('A003', 'A', '06');

insert into seat
values('A003', 'B', '01');

insert into seat
values('A003', 'B', '02');

insert into seat
values('A003', 'B', '03');

insert into seat
values('A003', 'B', '04');

insert into seat
values('A003', 'B', '05');

insert into seat
values('A003', 'B', '06');

insert into seat
values('A003', 'C', '01');

insert into seat
values('A003', 'C', '02');

insert into seat
values('A003', 'C', '03');

insert into seat
values('A003', 'C', '04');

insert into seat
values('A003', 'C', '05');

insert into seat
values('A003', 'C', '06');

insert into seat
values('A003', 'D', '01');

insert into seat
values('A003', 'D', '02');

insert into seat
values('A003', 'D', '03');

insert into seat
values('A003', 'D', '04');

insert into seat
values('A003', 'D', '05');

insert into seat
values('A003', 'D', '06');

insert into seat
values('A003', 'E', '01');

insert into seat
values('A003', 'E', '02');

insert into seat
values('A003', 'E', '03');

insert into seat
values('A003', 'E', '04');

insert into seat
values('A003', 'E', '05');

insert into seat
values('A003', 'E', '06');

insert into seat
values('B001', 'A', '01');

insert into seat
values('B001', 'A', '02');

insert into seat
values('B001', 'A', '03');

insert into seat
values('B001', 'A', '04');

insert into seat
values('B001', 'A', '05');

insert into seat
values('B001', 'A', '06');

insert into seat
values('B001', 'B', '01');

insert into seat
values('B001', 'B', '02');

insert into seat
values('B001', 'B', '03');

insert into seat
values('B001', 'B', '04');

insert into seat
values('B001', 'B', '05');

insert into seat
values('B001', 'B', '06');

insert into seat
values('B001', 'C', '01');

insert into seat
values('B001', 'C', '02');

insert into seat
values('B001', 'C', '03');

insert into seat
values('B001', 'C', '04');

insert into seat
values('B001', 'C', '05');

insert into seat
values('B001', 'C', '06');

insert into seat
values('B001', 'D', '01');

insert into seat
values('B001', 'D', '02');

insert into seat
values('B001', 'D', '03');

insert into seat
values('B001', 'D', '04');

insert into seat
values('B001', 'D', '05');

insert into seat
values('B001', 'D', '06');

insert into seat
values('B001', 'E', '01');

insert into seat
values('B001', 'E', '02');

insert into seat
values('B001', 'E', '03');

insert into seat
values('B001', 'E', '04');

insert into seat
values('B001', 'E', '05');

insert into seat
values('B001', 'E', '06');

insert into seat
values('B002', 'A', '01');

insert into seat
values('B002', 'A', '02');

insert into seat
values('B002', 'A', '03');

insert into seat
values('B002', 'A', '04');

insert into seat
values('B002', 'A', '05');

insert into seat
values('B002', 'A', '06');

insert into seat
values('B002', 'B', '01');

insert into seat
values('B002', 'B', '02');

insert into seat
values('B002', 'B', '03');

insert into seat
values('B002', 'B', '04');

insert into seat
values('B002', 'B', '05');

insert into seat
values('B002', 'B', '06');

insert into seat
values('B002', 'C', '01');

insert into seat
values('B002', 'C', '02');

insert into seat
values('B002', 'C', '03');

insert into seat
values('B002', 'C', '04');

insert into seat
values('B002', 'C', '05');

insert into seat
values('B002', 'C', '06');

insert into seat
values('B002', 'D', '01');

insert into seat
values('B002', 'D', '02');

insert into seat
values('B002', 'D', '03');

insert into seat
values('B002', 'D', '04');

insert into seat
values('B002', 'D', '05');

insert into seat
values('B002', 'D', '06');

insert into seat
values('B002', 'E', '01');

insert into seat
values('B002', 'E', '02');

insert into seat
values('B002', 'E', '03');

insert into seat
values('B002', 'E', '04');

insert into seat
values('B002', 'E', '05');

insert into seat
values('B002', 'E', '06');

insert into seat
values('B003', 'A', '01');

insert into seat
values('B003', 'A', '02');

insert into seat
values('B003', 'A', '03');

insert into seat
values('B003', 'A', '04');

insert into seat
values('B003', 'A', '05');

insert into seat
values('B003', 'A', '06');

insert into seat
values('B003', 'B', '01');

insert into seat
values('B003', 'B', '02');

insert into seat
values('B003', 'B', '03');

insert into seat
values('B003', 'B', '04');

insert into seat
values('B003', 'B', '05');

insert into seat
values('B003', 'B', '06');

insert into seat
values('B003', 'C', '01');

insert into seat
values('B003', 'C', '02');

insert into seat
values('B003', 'C', '03');

insert into seat
values('B003', 'C', '04');

insert into seat
values('B003', 'C', '05');

insert into seat
values('B003', 'C', '06');

insert into seat
values('B003', 'D', '01');

insert into seat
values('B003', 'D', '02');

insert into seat
values('B003', 'D', '03');

insert into seat
values('B003', 'D', '04');

insert into seat
values('B003', 'D', '05');

insert into seat
values('B003', 'D', '06');

insert into seat
values('B003', 'E', '01');

insert into seat
values('B003', 'E', '02');

insert into seat
values('B003', 'E', '03');

insert into seat
values('B003', 'E', '04');

insert into seat
values('B003', 'E', '05');

insert into seat
values('B003', 'E', '06');

-- insert customer

insert into customer
values('EXA000001', 'Đặng Thành Anh', '2001-6-18', '0906482890', '220/2/25', 'TL19, Thạnh Lộc', 'Quận 12', 'Thành phố Hồ Chí Minh');

insert into customer
values('EXA000002', 'Phạm Nguyễn Như Thường', '2003-7-17', '0888834148', '22/35/66', 'Tô Hiến Thành', 'Quận 10', 'Thành phố Hồ Chí Minh');

insert into customer
values('EXA000003', 'Nguyễn Công Danh', '2009-3-18', '0838374577', 'A3/23', '8 Đ. Chu Thiên, Phú Thạnh', 'Tân Phú', 'Thành phố Hồ Chí Minh');

insert into customer
values('EXA000004', 'Thái Thanh Quốc Thịnh', '2009-8-19', '0702994429', 'A29/14', 'Đường 10 C Thôn Phường 4', 'Phú Vang', 'Thừa Thiên Huế');

insert into customer
values('EXA000005', 'Bùi Hoàng Quang Huy', '2000-8-17', '0907619042', '62A', 'Thôn Cương Ng., Tứ Hiệp', 'Thanh Trì', 'Hà Nội');

-- insert customer_under15

insert into customer_under15
values('EXA000003');

insert into customer_under15
values('EXA000004');

-- insert customer_over15

insert into customer_over15
values('EXA000001', '052201004974');

insert into customer_over15
values('EXA000002', '052473104974');

insert into customer_over15
values('EXA000005', '052209807974');

-- insert movieScreening
insert into movieScreening
values(111111124, 'A002', '2023-12-1 08:30:00');

insert into movieScreening
values(111111113, 'A003', '2023-12-02 11:30:00');

insert into movieScreening
values(111111117, 'B001', '2023-12-03 08:30:00');

insert into movieScreening
values(111111120, 'B002', '2023-12-04 11:30:00');

insert into movieScreening
values(111111126, 'B003', '2023-12-05 08:30:00');

-- insert employee
insert into employee
values('EM000001', 5000000, '2022-11-4', 'Nguyễn Quang Anh', '2003-11-4', '0907083375', 'A56/75','Tô Hiến Thành', 'Quận 3', 'Thành Phố Hồ Chí Minh'); 

insert into employee
values('EM000002', 7000000, '2023-01-01', 'Lê Hoàng Phúc', '2003-11-01', '0987475628','54/47', 'Trần Xuân Soạn', 'Quận 7', 'Thành Phố Hồ Chí Minh'); 

insert into employee
values('EM000003', 5000000, '2021-03-07', 'Nguyễn Viết Ký', '2001-03-02', '0922331142','34/72', 'Lý Thường Kiệt', 'Quận 10', 'Thành Phố Hồ Chí Minh'); 

insert into employee
values('EM000004', 6000000, '2021-12-25', 'Nguyễn Hoàng Khôi Nguyên', '2001-12-23', '0971744882','46/47', 'Cao Thắng', 'Quận 1', 'Thành Phố Hồ Chí Minh'); 

insert into employee
values('EM000005', 5000000, '2023-11-23', 'Lý Công Đăng', '2003-07-23', '0946422821','22/84', 'Trường Sơn', 'Quận 3', 'Thành Phố Hồ Chí Minh'); 

insert into employee
values('EM000006', 4000000, '2023-04-10', 'Bùi Hồ Hải Yến', '2000-08-08', '0929294442','54/34', 'Lê Hồng Phong', 'Quận 10', 'Thành Phố Hồ Chí Minh'); 

insert into employee
values('EM000007', 3000000, '2022-08-07', 'Nguyễn Thị Minh Anh', '1999-07-11', '0987474773','24/74', 'Nguyễn Văn Cừ', 'Quận 5', 'Thành Phố Hồ Chí Minh'); 

insert into employee
values('EM000008', 7000000, '2021-05-05', 'Nguyễn Vũ Hà Vy', '2000-11-22', '0917143474', '27/82','Nguyễn Thị Minh Khai', 'Quận 1', 'Thành Phố Hồ Chí Minh'); 

insert into employee
values('EM000009', 5000000, '2022-05-09', 'Ngô Tuấn Kiệt', '2001-01-04', '0927556565', '57/27','Lý Công Uẩn', 'Quận 1', 'Thành Phố Hồ Chí Minh'); 

insert into employee
values('EM000010', 3000000, '2023-01-09', 'Đàm Vĩnh Hưng', '2000-12-30', '0912464655','27/82', 'Nguyễn Công Trứ', 'Quận 1', 'Thành Phố Hồ Chí Minh'); 

-- insert ticketChecker
insert into ticketChecker
values('EM000001');
insert into ticketChecker
values('EM000002');
-- insert movieProjectionist
insert into movieProjectionist
values('EM000003');

insert into movieProjectionist
values('EM000004');

insert into movieProjectionist
values('EM000005');

insert into movieProjectionist
values('EM000006');

insert into movieProjectionist
values('EM000008');

-- insert ticketSeller
insert into ticketSeller
values('EM000007');

insert into ticketSeller
values('EM000009');

insert into ticketSeller
values('EM000010');

-- insert into shift
insert into shift
values('8:00:00', '11:00:00');

insert into shift
values('13:00:00', '16:00:00');

-- insert into has
insert into has
values(111111124, 'A002', '2023-12-1 08:30:00', '8:00:00', '11:00:00');

insert into has
values(111111113, 'A003', '2023-12-02 11:30:00', '13:00:00', '16:00:00');

insert into has
values(111111117, 'B001', '2023-12-03 08:30:00', '8:00:00', '11:00:00');

insert into has
values(111111120, 'B002', '2023-12-04 11:30:00', '13:00:00', '16:00:00');

insert into has
values(111111126, 'B003', '2023-12-05 08:30:00', '8:00:00', '11:00:00');

-- insert ticketCheckerWork
insert into ticketCheckerWork
values('EM000001', 111111124, 'A002', '2023-12-1 08:30:00'); 

insert into ticketCheckerWork
values('EM000002', 111111113, 'A003', '2023-12-02 11:30:00'); 

insert into ticketCheckerWork
values('EM000001', 111111117, 'B001', '2023-12-03 08:30:00'); 

insert into ticketCheckerWork
values('EM000002', 111111120, 'B002', '2023-12-04 11:30:00'); 

insert into ticketCheckerWork
values('EM000001', 111111126, 'B003', '2023-12-05 08:30:00'); 

-- insert projectionistWork
insert into projectionistWork
values('EM000003', 111111124, 'A002', '2023-12-01 08:30:00');

insert into projectionistWork
values('EM000004', 111111113, 'A003', '2023-12-02 11:30:00');

insert into projectionistWork
values('EM000005', 111111117, 'B001', '2023-12-03 08:30:00');

insert into projectionistWork
values('EM000006', 111111120, 'B002', '2023-12-04 11:30:00');

insert into projectionistWork
values('EM000008', 111111126, 'B003', '2023-12-05 08:30:00');

-- insert ticketSellerShift
insert into ticketSellerShift
values('EM000007', '8:00:00', '11:00:00');

insert into ticketSellerShift
values('EM000009', '13:00:00',	'16:00:00');

insert into ticketSellerShift
values('EM000010', '8:00:00', '11:00:00');

-- insert into ticket
insert into ticket
values('EXTK00001', 111111124, 'A002', '2023-12-01 08:30:00', 60000, 'A002', 'A', '04');

insert into ticket
values('EXTK00002', 111111124, 'A002', '2023-12-01 08:30:00', 60000, 'A002', 'A', '05');

insert into ticket
values('EXTK00003', 111111124, 'A002', '2023-12-01 08:30:00', 60000, 'A002', 'A', '06');

insert into ticket
values('EXTK00004', 111111124, 'A002', '2023-12-01 08:30:00', 60000, 'A002', 'B', '04');

insert into ticket
values('EXTK00005', 111111124, 'A002', '2023-12-01 08:30:00', 60000, 'A002', 'B', '05');

insert into ticket
values('EXTK00006', 111111113, 'A003', '2023-12-02 11:30:00', 60000, 'A003', 'D', '03');

insert into ticket
values('EXTK00007', 111111113, 'A003', '2023-12-02 11:30:00', 60000, 'A003', 'D', '04');

insert into ticket
values('EXTK00008', 111111113, 'A003', '2023-12-02 11:30:00', 60000, 'A003', 'D', '05');

insert into ticket
values('EXTK00009', 111111113, 'A003', '2023-12-02 11:30:00', 60000, 'A003', 'D', '06');

insert into ticket
values('EXTK00010', 111111113, 'A003', '2023-12-02 11:30:00', 60000, 'A003', 'D', '02');

insert into ticket
values('EXTK00011', 111111117, 'B001', '2023-12-03 08:30:00', 60000, 'B001', 'D', '04');

insert into ticket
values('EXTK00012', 111111117, 'B001', '2023-12-03 08:30:00', 60000, 'B001', 'D', '05');

insert into ticket
values('EXTK00013', 111111117, 'B001', '2023-12-03 08:30:00', 60000, 'B001', 'E', '01');

insert into ticket
values('EXTK00014', 111111117, 'B001', '2023-12-03 08:30:00', 60000, 'B001', 'E', '02');

insert into ticket
values('EXTK00015', 111111117, 'B001', '2023-12-03 08:30:00', 60000, 'B001', 'E', '03');

insert into ticket
values('EXTK00016', 111111120, 'B002', '2023-12-04 11:30:00', 60000, 'B002', 'E', '04');

insert into ticket
values('EXTK00017', 111111120, 'B002', '2023-12-04 11:30:00', 60000, 'B002', 'A', '05');

insert into ticket
values('EXTK00018', 111111120, 'B002', '2023-12-04 11:30:00', 60000, 'B002', 'A', '06');

insert into ticket
values('EXTK00019', 111111120, 'B002', '2023-12-04 11:30:00', 60000, 'B002', 'D', '04');

insert into ticket
values('EXTK00020', 111111120, 'B002', '2023-12-04 11:30:00', 60000, 'B002', 'D', '05');

insert into ticket
values('EXTK00021', 111111126, 'B003', '2023-12-05 08:30:00', 60000, 'B003', 'c', '04');

insert into ticket
values('EXTK00022', 111111126, 'B003', '2023-12-05 08:30:00', 60000, 'B003', 'C', '05');

insert into ticket
values('EXTK00023', 111111126, 'B003', '2023-12-05 08:30:00', 60000, 'B003', 'C', '06');

insert into ticket
values('EXTK00024', 111111126, 'B003', '2023-12-05 08:30:00', 60000, 'B003', 'D', '01');

insert into ticket
values('EXTK00025', 111111126, 'B003', '2023-12-05 08:30:00', 60000, 'B003', 'D', '02');

-- insert  buy_ticket
insert into  buy_ticket
values('EXTK00001', 111111124, 'A002', '2023-12-1 08:30:00', 'EXA000001');

insert into  buy_ticket
values('EXTK00002', 111111124, 'A002', '2023-12-1  08:30:00', 'EXA000002');

insert into  buy_ticket
values('EXTK00003', 111111124, 'A002', '2023-12-1 08:30:00', 'EXA000003');

insert into  buy_ticket
values('EXTK00004', 111111124, 'A002', '2023-12-1 08:30:00', 'EXA000004');

insert into  buy_ticket
values('EXTK00005', 111111124, 'A002', '2023-12-1 08:30:00', 'EXA000005');

insert into  buy_ticket
values('EXTK00006', 111111113, 'A003', '2023-12-2 11:30:00', 'EXA000001');

insert into  buy_ticket
values('EXTK00007', 111111113, 'A003', '2023-12-2 11:30:00', 'EXA000002');

insert into  buy_ticket
values('EXTK00008', 111111113, 'A003', '2023-12-2 11:30:00', 'EXA000003');

insert into  buy_ticket
values('EXTK00009', 111111113, 'A003', '2023-12-2 11:30:00', 'EXA000004');

insert into  buy_ticket
values('EXTK00010', 111111113, 'A003', '2023-12-2 11:30:00', 'EXA000005');

insert into  buy_ticket
values('EXTK00011', 111111117, 'B001', '2023-12-3  08:30:00', 'EXA000001');

insert into  buy_ticket
values('EXTK00012', 111111117, 'B001', '2023-12-3  08:30:00', 'EXA000002');

insert into  buy_ticket
values('EXTK00013', 111111117, 'B001', '2023-12-3  08:30:00', 'EXA000003');

insert into  buy_ticket
values('EXTK00014', 111111117, 'B001', '2023-12-3 08:30:00', 'EXA000004');

insert into  buy_ticket
values('EXTK00015', 111111117, 'B001', '2023-12-3 08:30:00', 'EXA000005');

insert into  buy_ticket
values('EXTK00016', 111111120, 'B002', '2023-12-4 11:30:00', 'EXA000001');

insert into  buy_ticket
values('EXTK00017', 111111120, 'B002', '2023-12-4 11:30:00', 'EXA000002');

insert into  buy_ticket
values('EXTK00018', 111111120, 'B002', '2023-12-4 11:30:00', 'EXA000003');

insert into  buy_ticket
values('EXTK00019', 111111120, 'B002', '2023-12-4 11:30:00', 'EXA000004');

insert into  buy_ticket
values('EXTK00020', 111111120, 'B002', '2023-12-4 11:30:00', 'EXA000005');

insert into  buy_ticket
values('EXTK00021', 111111126, 'B003', '2023-12-5 08:30:00', 'EXA000001');

insert into  buy_ticket
values('EXTK00022', 111111126, 'B003', '2023-12-5 08:30:00', 'EXA000002');

insert into  buy_ticket
values('EXTK00023', 111111126, 'B003', '2023-12-5 08:30:00', 'EXA000003');

insert into  buy_ticket
values('EXTK00024', 111111126, 'B003', '2023-12-5 08:30:00', 'EXA000004');

insert into  buy_ticket
values('EXTK00025', 111111126, 'B003', '2023-12-5 08:30:00', 'EXA000005');

-- insert review
insert into review
values('EXA000001', 111111124, 'EXTK00001', 111111124, 'A002', '2023-12-1 08:30:00', '8.6');

insert into review
values('EXA000002', 111111124, 'EXTK00002', 111111124, 'A002', '2023-12-1 08:30:00', '9.6');

insert into review
values('EXA000003', 111111124, 'EXTK00003', 111111124, 'A002', '2023-12-1 08:30:00', '7.9');

insert into review
values('EXA000004', 111111124, 'EXTK00004', 111111124, 'A002', '2023-12-1 08:30:00', '3.6');

insert into review
values('EXA000005', 111111124, 'EXTK00005', 111111124, 'A002', '2023-12-1 08:30:00', '7.8');

insert into review
values('EXA000001', 111111113, 'EXTK00006', 111111113, 'A003', '2023-12-2 11:30:00', '8.6');

insert into review
values('EXA000002', 111111113, 'EXTK00007', 111111113, 'A003', '2023-12-2 11:30:00', '8.5');

insert into review
values('EXA000003', 111111113, 'EXTK00008', 111111113, 'A003', '2023-12-2 11:30:00', '7.9');

insert into review
values('EXA000004', 111111113, 'EXTK00009', 111111113, 'A003', '2023-12-2 11:30:00', '5.6');

insert into review
values('EXA000005', 111111113, 'EXTK00010', 111111113, 'A003', '2023-12-2 11:30:00', '8.7');

insert into review
values('EXA000001', 111111117, 'EXTK00011', 111111117, 'B001', '2023-12-3 08:30:00', '9.8');

insert into review
values('EXA000002', 111111117, 'EXTK00012', 111111117, 'B001', '2023-12-3 08:30:00', '5.6');

insert into review
values('EXA000003', 111111117, 'EXTK00013', 111111117, 'B001', '2023-12-3 08:30:00', '7.9');

insert into review
values('EXA000004', 111111117, 'EXTK00014', 111111117, 'B001', '2023-12-3 08:30:00', '8.2');

insert into review
values('EXA000005', 111111117, 'EXTK00015', 111111117, 'B001', '2023-12-3 08:30:00', '5.7');

insert into review
values('EXA000001', 111111120, 'EXTK00016', 111111120, 'B002', '2023-12-4 11:30:00', '8.7');

insert into review
values('EXA000002', 111111120, 'EXTK00017', 111111120, 'B002', '2023-12-4 11:30:00', '8.5');

insert into review
values('EXA000003', 111111120, 'EXTK00018', 111111120, 'B002', '2023-12-4 11:30:00', '9.5');

insert into review
values('EXA000004', 111111120, 'EXTK00019', 111111120, 'B002', '2023-12-4 11:30:00', '7.8');

insert into review
values('EXA000005', 111111120, 'EXTK00020', 111111120, 'B002', '2023-12-4 11:30:00', '9.6');

insert into review
values('EXA000001', 111111126, 'EXTK00021', 111111126, 'B003', '2023-12-5 08:30:00', '8.3');

insert into review
values('EXA000002', 111111126, 'EXTK00022', 111111126, 'B003', '2023-12-5 08:30:00', '8.3');

insert into review
values('EXA000003', 111111126, 'EXTK00023', 111111126, 'B003', '2023-12-5 08:30:00', '6.7');

insert into review
values('EXA000004', 111111126, 'EXTK00024', 111111126, 'B003', '2023-12-5 08:30:00', '8.3');

insert into review
values('EXA000005', 111111126, 'EXTK00025', 111111126, 'B003', '2023-12-5 08:30:00', '9.6');

-- call gen_ticket(111111113, 'A003', '2023-12-02 11:30:00');